id,image_id,caption,filename0,filename1
602744,198775,A small car in a small parking space.,coco2017/train2017/000000198775.jpg,coco_latent_t2i/train2017/ann000000602744.png
673165,257036,A cat sits atop a night stand next to a bike.,coco2017/train2017/000000257036.jpg,coco_latent_t2i/train2017/ann000000673165.png
204977,68114,a city street with red stoplights and tall trees.,coco2017/train2017/000000068114.jpg,coco_latent_t2i/train2017/ann000000204977.png
348203,563964,A man in the middle of throwing a frisbee.,coco2017/train2017/000000563964.jpg,coco_latent_t2i/train2017/ann000000348203.png
427404,312795,a womans legs wearing black shoes standing on a green and white suitcase,coco2017/train2017/000000312795.jpg,coco_latent_t2i/train2017/ann000000427404.png
433340,199404,a curly haired girl with glasses takes a selfie infront of the mirror,coco2017/train2017/000000199404.jpg,coco_latent_t2i/train2017/ann000000433340.png
92748,520572,Three people sitting a horse drawn buggy on a country side road.,coco2017/train2017/000000520572.jpg,coco_latent_t2i/train2017/ann000000092748.png
731044,488004,A cat is laying in a piece of luggage.,coco2017/train2017/000000488004.jpg,coco_latent_t2i/train2017/ann000000731044.png
214769,478769,A small bird sitting on top of a wire next to green grass.,coco2017/train2017/000000478769.jpg,coco_latent_t2i/train2017/ann000000214769.png
815244,319487,A person is in protective motorcycle gear sitting on the ground.,coco2017/train2017/000000319487.jpg,coco_latent_t2i/train2017/ann000000815244.png
481914,467314,A kitchen that has a wooden cabinets with a wine holder.,coco2017/train2017/000000467314.jpg,coco_latent_t2i/train2017/ann000000481914.png
74570,276387,A snow covered soiled toilet sitting in front of a house.,coco2017/train2017/000000276387.jpg,coco_latent_t2i/train2017/ann000000074570.png
753440,530313,A group of people sit near each other and pose for a picture.,coco2017/train2017/000000530313.jpg,coco_latent_t2i/train2017/ann000000753440.png
274536,504891,Several birds have landed on an ice covered body of water.,coco2017/train2017/000000504891.jpg,coco_latent_t2i/train2017/ann000000274536.png
210799,364133,Three suitcases sit on the ground next to a rolling table.,coco2017/train2017/000000364133.jpg,coco_latent_t2i/train2017/ann000000210799.png
643449,352476,A bus that has bikes mounted on the front of it.,coco2017/train2017/000000352476.jpg,coco_latent_t2i/train2017/ann000000643449.png
175262,546160,"An elderly woman wrapped in a shawl walks by, gripping the shoulder strap of her bag.",coco2017/train2017/000000546160.jpg,coco_latent_t2i/train2017/ann000000175262.png
533286,2164,A herd of sheep standing on top of a lush green field.,coco2017/train2017/000000002164.jpg,coco_latent_t2i/train2017/ann000000533286.png
424535,8445,a group of people sitting on a bench in the forest,coco2017/train2017/000000008445.jpg,coco_latent_t2i/train2017/ann000000424535.png
82872,14743,A group of sheet eat grass in a paddock.,coco2017/train2017/000000014743.jpg,coco_latent_t2i/train2017/ann000000082872.png
483388,358795,A pole with several street and traffic signs on it. ,coco2017/train2017/000000358795.jpg,coco_latent_t2i/train2017/ann000000483388.png
547786,214565,An elephant is stretching its trunk on the ground. ,coco2017/train2017/000000214565.jpg,coco_latent_t2i/train2017/ann000000547786.png
361898,59383,"A kitchen area with a dishwasher, stove and microwave.",coco2017/train2017/000000059383.jpg,coco_latent_t2i/train2017/ann000000361898.png
805337,474974,A train is parked by the sidewalk in the city.,coco2017/train2017/000000474974.jpg,coco_latent_t2i/train2017/ann000000805337.png
475354,538828,A traffic light and several street signs in an intersection.,coco2017/train2017/000000538828.jpg,coco_latent_t2i/train2017/ann000000475354.png
44876,328607,A train that is stationary at the station waiting for passengers. ,coco2017/train2017/000000328607.jpg,coco_latent_t2i/train2017/ann000000044876.png
216186,353130,A pile of assorted vegetables are piled onto a wooden table.,coco2017/train2017/000000353130.jpg,coco_latent_t2i/train2017/ann000000216186.png
654919,473936,A red motorcycle parked in front of a car on a street.,coco2017/train2017/000000473936.jpg,coco_latent_t2i/train2017/ann000000654919.png
501841,88748,A water fountain that has a pigeon perches on it.,coco2017/train2017/000000088748.jpg,coco_latent_t2i/train2017/ann000000501841.png
232445,10825,A young girl texting  on a cell phone in a car.,coco2017/train2017/000000010825.jpg,coco_latent_t2i/train2017/ann000000232445.png
116229,236432,There is a young boy throwing a baseball,coco2017/train2017/000000236432.jpg,coco_latent_t2i/train2017/ann000000116229.png
256161,224850,Children riding a  red fire engine amusement ride.,coco2017/train2017/000000224850.jpg,coco_latent_t2i/train2017/ann000000256161.png
170469,344439,A traffic light with a couple of green street signs mounted to it's sides.,coco2017/train2017/000000344439.jpg,coco_latent_t2i/train2017/ann000000170469.png
718324,201405,A bear sticks out its tongue while standing in front of a rocky background.,coco2017/train2017/000000201405.jpg,coco_latent_t2i/train2017/ann000000718324.png
136188,306636,A picture of a little kid holding a frisbee.,coco2017/train2017/000000306636.jpg,coco_latent_t2i/train2017/ann000000136188.png
337269,358247,People standing near several hanging branches of banana bunches.,coco2017/train2017/000000358247.jpg,coco_latent_t2i/train2017/ann000000337269.png
504477,65270,A white toilet in a bathroom next to a trash can.;,coco2017/train2017/000000065270.jpg,coco_latent_t2i/train2017/ann000000504477.png
236023,133377,A zebra standing next to another zebra in front of a door.,coco2017/train2017/000000133377.jpg,coco_latent_t2i/train2017/ann000000236023.png
316047,96288,Three hikers climb a hill with their brown dog.,coco2017/train2017/000000096288.jpg,coco_latent_t2i/train2017/ann000000316047.png
241513,517795,Two sheep standing in a snowy field next to a barn.,coco2017/train2017/000000517795.jpg,coco_latent_t2i/train2017/ann000000241513.png
345519,365047,Black and white photograph of a modern commuter train ,coco2017/train2017/000000365047.jpg,coco_latent_t2i/train2017/ann000000345519.png
115841,415798,Two boaters paddle a canoe as a man stands on a board with his dog.,coco2017/train2017/000000415798.jpg,coco_latent_t2i/train2017/ann000000115841.png
757254,192440,A clean bathroom is seen in this image.,coco2017/train2017/000000192440.jpg,coco_latent_t2i/train2017/ann000000757254.png
534728,19447, Baby giraffe bending down to drink water from a pond.,coco2017/train2017/000000019447.jpg,coco_latent_t2i/train2017/ann000000534728.png
343960,503238,A red bus going down a busy city road.,coco2017/train2017/000000503238.jpg,coco_latent_t2i/train2017/ann000000343960.png
162437,321308,"The word ""Canada"" has been etched into a stop sign. ",coco2017/train2017/000000321308.jpg,coco_latent_t2i/train2017/ann000000162437.png
297954,224426,The shoes next to the skateboard are worn and dingy.,coco2017/train2017/000000224426.jpg,coco_latent_t2i/train2017/ann000000297954.png
578591,156974,Giraffes in a zoo enclosure eating at various places along a fence.,coco2017/train2017/000000156974.jpg,coco_latent_t2i/train2017/ann000000578591.png
731759,289899,A group of people on a canal boat.,coco2017/train2017/000000289899.jpg,coco_latent_t2i/train2017/ann000000731759.png
297306,574692,Someone buying oranges at a fruit stand in a market.,coco2017/train2017/000000574692.jpg,coco_latent_t2i/train2017/ann000000297306.png
220816,94538,Two elephants walking  through grass in front of a zebra,coco2017/train2017/000000094538.jpg,coco_latent_t2i/train2017/ann000000220816.png
800628,6845,two cows in a body of water near a field ,coco2017/train2017/000000006845.jpg,coco_latent_t2i/train2017/ann000000800628.png
759319,121384,A seagull swimming in water near the shoreline.,coco2017/train2017/000000121384.jpg,coco_latent_t2i/train2017/ann000000759319.png
102339,465664,A fence sits around a plane on a runway. ,coco2017/train2017/000000465664.jpg,coco_latent_t2i/train2017/ann000000102339.png
385830,197716,The city bus is parked on the side of the road. ,coco2017/train2017/000000197716.jpg,coco_latent_t2i/train2017/ann000000385830.png
316723,334170,"This bathroom has a toilet, sink, and bathtub.",coco2017/train2017/000000334170.jpg,coco_latent_t2i/train2017/ann000000316723.png
24921,309802,a red and yellow train is going past some red lights/train signals,coco2017/train2017/000000309802.jpg,coco_latent_t2i/train2017/ann000000024921.png
199495,134594,Several cows roaming a cold and barren countryside.,coco2017/train2017/000000134594.jpg,coco_latent_t2i/train2017/ann000000199495.png
536955,45176,A small dog looks away from it's reflection in a mirror.,coco2017/train2017/000000045176.jpg,coco_latent_t2i/train2017/ann000000536955.png
2576,505386,A bathroom with four urinals on the wall.,coco2017/train2017/000000505386.jpg,coco_latent_t2i/train2017/ann000000002576.png
82293,549268,Two people are riding along on an elephant.,coco2017/train2017/000000549268.jpg,coco_latent_t2i/train2017/ann000000082293.png
391694,297108,A large black cat with a party hat on is looking at the camera,coco2017/train2017/000000297108.jpg,coco_latent_t2i/train2017/ann000000391694.png
249156,447787,A woman holds a dish with food in it.,coco2017/train2017/000000447787.jpg,coco_latent_t2i/train2017/ann000000249156.png
13828,65430,A spotted dog is chasing another dog outside,coco2017/train2017/000000065430.jpg,coco_latent_t2i/train2017/ann000000013828.png
761045,241318,A young girl stands with two older women by a stove.,coco2017/train2017/000000241318.jpg,coco_latent_t2i/train2017/ann000000761045.png
487313,336937,there are many white sinks and toilets here,coco2017/train2017/000000336937.jpg,coco_latent_t2i/train2017/ann000000487313.png
89891,212342,A peacock perched on a bench looking at another peacock,coco2017/train2017/000000212342.jpg,coco_latent_t2i/train2017/ann000000089891.png
36859,382443,A dog with his mouth open in front of his cage. ,coco2017/train2017/000000382443.jpg,coco_latent_t2i/train2017/ann000000036859.png
829125,91650,This is a lot of cows trying to stand in one spot in a yard.,coco2017/train2017/000000091650.jpg,coco_latent_t2i/train2017/ann000000829125.png
301168,350334,A couple of green signs on a pole.,coco2017/train2017/000000350334.jpg,coco_latent_t2i/train2017/ann000000301168.png
357134,391662,The man is taking a picture in the mirror with his phone. ,coco2017/train2017/000000391662.jpg,coco_latent_t2i/train2017/ann000000357134.png
465234,328316,A picture of a street on a busy city street.,coco2017/train2017/000000328316.jpg,coco_latent_t2i/train2017/ann000000465234.png
518347,192529,a bus bench sits next to a city street,coco2017/train2017/000000192529.jpg,coco_latent_t2i/train2017/ann000000518347.png
280168,24755,I am unable to see an image above.,coco2017/train2017/000000024755.jpg,coco_latent_t2i/train2017/ann000000280168.png
698610,522081,a locomotive train resting on some tracks next to a building,coco2017/train2017/000000522081.jpg,coco_latent_t2i/train2017/ann000000698610.png
195329,120441,A BASE BALL PLAYER IS THROWING THE BALL,coco2017/train2017/000000120441.jpg,coco_latent_t2i/train2017/ann000000195329.png
279464,401384,A number of traffic signs regarding different cities. ,coco2017/train2017/000000401384.jpg,coco_latent_t2i/train2017/ann000000279464.png
484958,46245,a happy looking polar bear swiiming in water,coco2017/train2017/000000046245.jpg,coco_latent_t2i/train2017/ann000000484958.png
92387,525763,BOATS IN A HARBOR SURROUNDED BY BUILDINGS AND A FEW CARS,coco2017/train2017/000000525763.jpg,coco_latent_t2i/train2017/ann000000092387.png
184011,119876,A man dressed loudly is using his cell phone.,coco2017/train2017/000000119876.jpg,coco_latent_t2i/train2017/ann000000184011.png
220125,554978,Two elephants wading in a river surrounded by vegetation.,coco2017/train2017/000000554978.jpg,coco_latent_t2i/train2017/ann000000220125.png
616405,201420,Two giraffes standing in the jungle lucking themselves,coco2017/train2017/000000201420.jpg,coco_latent_t2i/train2017/ann000000616405.png
189093,538153,a virgin atlantic train pulling up at station.,coco2017/train2017/000000538153.jpg,coco_latent_t2i/train2017/ann000000189093.png
41198,488463,A brown cow that is being held by a man in a white shirt.,coco2017/train2017/000000488463.jpg,coco_latent_t2i/train2017/ann000000041198.png
194456,255649,two women are sitting on two horses ,coco2017/train2017/000000255649.jpg,coco_latent_t2i/train2017/ann000000194456.png
84657,490847,A man riding a bicycle while pumping his fist in the air.,coco2017/train2017/000000490847.jpg,coco_latent_t2i/train2017/ann000000084657.png
275090,26982,Two motorcycles parked next to each other on a lush green field.,coco2017/train2017/000000026982.jpg,coco_latent_t2i/train2017/ann000000275090.png
148890,53668,A young man flipping a skateboard through the air.,coco2017/train2017/000000053668.jpg,coco_latent_t2i/train2017/ann000000148890.png
726843,261870,A bicycle in the grass near a body of water. ,coco2017/train2017/000000261870.jpg,coco_latent_t2i/train2017/ann000000726843.png
91330,346904,A bus is passing by a large building.,coco2017/train2017/000000346904.jpg,coco_latent_t2i/train2017/ann000000091330.png
526338,480140,A group of people crossing a street near a traffic light.,coco2017/train2017/000000480140.jpg,coco_latent_t2i/train2017/ann000000526338.png
700524,241837,A man is watching a dog stand on a skateboard.,coco2017/train2017/000000241837.jpg,coco_latent_t2i/train2017/ann000000700524.png
120145,86168,A black and white cat sleeping near a window.,coco2017/train2017/000000086168.jpg,coco_latent_t2i/train2017/ann000000120145.png
647033,198004,a car is rolling past a police officer,coco2017/train2017/000000198004.jpg,coco_latent_t2i/train2017/ann000000647033.png
332119,571636,A blue truck is filled with large bottles of water.,coco2017/train2017/000000571636.jpg,coco_latent_t2i/train2017/ann000000332119.png
428969,263477,A couple of giraffe standing next to each other on a field.,coco2017/train2017/000000263477.jpg,coco_latent_t2i/train2017/ann000000428969.png
14949,100138,A black motorcycle in front of some shrubs. ,coco2017/train2017/000000100138.jpg,coco_latent_t2i/train2017/ann000000014949.png
653978,244754,a living room with some fancy curtains behind a couch ,coco2017/train2017/000000244754.jpg,coco_latent_t2i/train2017/ann000000653978.png
695087,131108,this is a street with a brick building,coco2017/train2017/000000131108.jpg,coco_latent_t2i/train2017/ann000000695087.png
68277,391347,This is a stop sign at the corner of Swampfox and Gamecock.,coco2017/train2017/000000391347.jpg,coco_latent_t2i/train2017/ann000000068277.png
202502,126564,A woman with a polka-dotted umbrella and a grey shirt reading a pamphlet.,coco2017/train2017/000000126564.jpg,coco_latent_t2i/train2017/ann000000202502.png
518738,135914,a little teddy bear sitting on a keyboard while looking at the monitor ,coco2017/train2017/000000135914.jpg,coco_latent_t2i/train2017/ann000000518738.png
38163,235522,four giraffes standing or eating in their natural habitat,coco2017/train2017/000000235522.jpg,coco_latent_t2i/train2017/ann000000038163.png
147310,263929,Several different animals stand and graze in a field.,coco2017/train2017/000000263929.jpg,coco_latent_t2i/train2017/ann000000147310.png
18625,560235,"A green and white street sign that reads ""Castro"".",coco2017/train2017/000000560235.jpg,coco_latent_t2i/train2017/ann000000018625.png
539986,446909,An overexposed photograph of a man sitting on a park bench,coco2017/train2017/000000446909.jpg,coco_latent_t2i/train2017/ann000000539986.png
177012,528951,cars parked in a parking lot with a sky background,coco2017/train2017/000000528951.jpg,coco_latent_t2i/train2017/ann000000177012.png
347717,166323,mirror reflection of sink and the tub next to it.,coco2017/train2017/000000166323.jpg,coco_latent_t2i/train2017/ann000000347717.png
281467,91110,People are in the grass playing with a frisbee.,coco2017/train2017/000000091110.jpg,coco_latent_t2i/train2017/ann000000281467.png
210557,93140,A large open kitchen with stainless steel appliances.,coco2017/train2017/000000093140.jpg,coco_latent_t2i/train2017/ann000000210557.png
801984,284365,A kitchen with a stove and sink under some windows.,coco2017/train2017/000000284365.jpg,coco_latent_t2i/train2017/ann000000801984.png
595681,434035,A cat is looking up at a bird on a birdhouse.,coco2017/train2017/000000434035.jpg,coco_latent_t2i/train2017/ann000000595681.png
554817,102240,a person taking a picture of the back end of their big truck ,coco2017/train2017/000000102240.jpg,coco_latent_t2i/train2017/ann000000554817.png
800168,558741,A tall giraffe standing next to a baby giraffe.,coco2017/train2017/000000558741.jpg,coco_latent_t2i/train2017/ann000000800168.png
333659,553353,A man drinking booze in a shower soaked in water.,coco2017/train2017/000000553353.jpg,coco_latent_t2i/train2017/ann000000333659.png
228250,480076,A cat is sitting in a recliner chair.,coco2017/train2017/000000480076.jpg,coco_latent_t2i/train2017/ann000000228250.png
496373,498274,A double decker bus driving down a street next to a tall building.,coco2017/train2017/000000498274.jpg,coco_latent_t2i/train2017/ann000000496373.png
133095,38321,The E Cypress Creek street sign over a red stoplight,coco2017/train2017/000000038321.jpg,coco_latent_t2i/train2017/ann000000133095.png
346832,404608,A bathroom area with multiple toilet paper dispensers and a toilet.,coco2017/train2017/000000404608.jpg,coco_latent_t2i/train2017/ann000000346832.png
550539,497664,A white and blue bus sitting on the side of tall buildings.,coco2017/train2017/000000497664.jpg,coco_latent_t2i/train2017/ann000000550539.png
223759,143927,a microwave oven with a coffee cup inside it,coco2017/train2017/000000143927.jpg,coco_latent_t2i/train2017/ann000000223759.png
475676,132791,a person walks near water and there is a bus driving through it,coco2017/train2017/000000132791.jpg,coco_latent_t2i/train2017/ann000000475676.png
817699,253227,A clock sitting under a cloudy blue sky.,coco2017/train2017/000000253227.jpg,coco_latent_t2i/train2017/ann000000817699.png
316594,246966,Some bananas in a bag and corn on a table,coco2017/train2017/000000246966.jpg,coco_latent_t2i/train2017/ann000000316594.png
128406,369601,A cat next to opened bottles of beer and wine,coco2017/train2017/000000369601.jpg,coco_latent_t2i/train2017/ann000000128406.png
81713,476417,A panda sits on the ground eating bamboo.,coco2017/train2017/000000476417.jpg,coco_latent_t2i/train2017/ann000000081713.png
190713,99317,A tray holding various boxes and bubble wrap.,coco2017/train2017/000000099317.jpg,coco_latent_t2i/train2017/ann000000190713.png
265881,14282,a bathroom with a bathtub with a metal rack holding towels on it ,coco2017/train2017/000000014282.jpg,coco_latent_t2i/train2017/ann000000265881.png
581599,296404,Pair of giraffes feeding on leaves from trees in open field.,coco2017/train2017/000000296404.jpg,coco_latent_t2i/train2017/ann000000581599.png
709675,55544,A bare kitchen in the midst of a paint job.,coco2017/train2017/000000055544.jpg,coco_latent_t2i/train2017/ann000000709675.png
27488,370210,Two adorable dogs hanging out of a car door window.,coco2017/train2017/000000370210.jpg,coco_latent_t2i/train2017/ann000000027488.png
121915,211837,A herd of zebra walking across a dry grass covered field.,coco2017/train2017/000000211837.jpg,coco_latent_t2i/train2017/ann000000121915.png
468957,255928,A very dirty bathroom with bathtub sink and window.,coco2017/train2017/000000255928.jpg,coco_latent_t2i/train2017/ann000000468957.png
388159,31092,a guy on a bike sitting next to a bicycle ,coco2017/train2017/000000031092.jpg,coco_latent_t2i/train2017/ann000000388159.png
376811,232614,A bird sits in a tree branch with leaves.,coco2017/train2017/000000232614.jpg,coco_latent_t2i/train2017/ann000000376811.png
416567,386777,Green and white bus on an otherwise empty street.,coco2017/train2017/000000386777.jpg,coco_latent_t2i/train2017/ann000000416567.png
443013,238389,Toilet with black walls and cream flooring with photo,coco2017/train2017/000000238389.jpg,coco_latent_t2i/train2017/ann000000443013.png
19339,115930,Three workers at a restaurant visiting with each other and customers.,coco2017/train2017/000000115930.jpg,coco_latent_t2i/train2017/ann000000019339.png
240923,566687,A colorful vegetable salad is in a green bowl. ,coco2017/train2017/000000566687.jpg,coco_latent_t2i/train2017/ann000000240923.png
78901,35897,A city street with cars driving and a mountain in the background.,coco2017/train2017/000000035897.jpg,coco_latent_t2i/train2017/ann000000078901.png
42473,182895,A row of parking meters sits next to the parking lot.,coco2017/train2017/000000182895.jpg,coco_latent_t2i/train2017/ann000000042473.png
182489,339943,A kitchen with a bath tub sitting behind a wooden door.,coco2017/train2017/000000339943.jpg,coco_latent_t2i/train2017/ann000000182489.png
215263,576191,A kitten is sleeping underneath a metallic bench.,coco2017/train2017/000000576191.jpg,coco_latent_t2i/train2017/ann000000215263.png
57023,483074,Several dogs are outside in a fenced area.,coco2017/train2017/000000483074.jpg,coco_latent_t2i/train2017/ann000000057023.png
435188,131295,a top view of a train riding on some tracks ,coco2017/train2017/000000131295.jpg,coco_latent_t2i/train2017/ann000000435188.png
511360,115912,A man rides his surf board onto the beach while a dog runs by.,coco2017/train2017/000000115912.jpg,coco_latent_t2i/train2017/ann000000511360.png
684509,97362,A woman in jeans stands near cows standing beside a fence.,coco2017/train2017/000000097362.jpg,coco_latent_t2i/train2017/ann000000684509.png
484681,31745,a brown and black dog lays on a pillow while a white and brown cat lays in a suitcase.,coco2017/train2017/000000031745.jpg,coco_latent_t2i/train2017/ann000000484681.png
315434,50239,Several bunches of bananas hanging over some produce,coco2017/train2017/000000050239.jpg,coco_latent_t2i/train2017/ann000000315434.png
505018,45016,A person standing near a white toilet bowl ,coco2017/train2017/000000045016.jpg,coco_latent_t2i/train2017/ann000000505018.png
797790,498339,Passengers on the platforms at a commuter train station ,coco2017/train2017/000000498339.jpg,coco_latent_t2i/train2017/ann000000797790.png
712438,197111,A cat laying on top of tie dyed pillow.,coco2017/train2017/000000197111.jpg,coco_latent_t2i/train2017/ann000000712438.png
326065,316912,A bony black cow is in on the city street.,coco2017/train2017/000000316912.jpg,coco_latent_t2i/train2017/ann000000326065.png
626771,357743,There are people making food in a kitchen.,coco2017/train2017/000000357743.jpg,coco_latent_t2i/train2017/ann000000626771.png
799836,495681,A window with so Michael light coming inside,coco2017/train2017/000000495681.jpg,coco_latent_t2i/train2017/ann000000799836.png
328472,474499,a kitchen is shown with a dish washer in it ,coco2017/train2017/000000474499.jpg,coco_latent_t2i/train2017/ann000000328472.png
575356,68059,some oranges are stacked up in a bowl,coco2017/train2017/000000068059.jpg,coco_latent_t2i/train2017/ann000000575356.png
388922,578227,A young boy picking up a frisbee in the grass,coco2017/train2017/000000578227.jpg,coco_latent_t2i/train2017/ann000000388922.png
737390,485406,The meters are sitting side by side on the street.,coco2017/train2017/000000485406.jpg,coco_latent_t2i/train2017/ann000000737390.png
125278,56768,Two giraffes are in the grass by some rocks.,coco2017/train2017/000000056768.jpg,coco_latent_t2i/train2017/ann000000125278.png
501932,149832,A herd of cows that are grazing on the grass.,coco2017/train2017/000000149832.jpg,coco_latent_t2i/train2017/ann000000501932.png
161620,577946,an old kitchen that has dim lighting ,coco2017/train2017/000000577946.jpg,coco_latent_t2i/train2017/ann000000161620.png
706534,137479,A couple of people walking behind a stop sign near bushes.,coco2017/train2017/000000137479.jpg,coco_latent_t2i/train2017/ann000000706534.png
438246,380720,A man that is riding on a elephant.,coco2017/train2017/000000380720.jpg,coco_latent_t2i/train2017/ann000000438246.png
33592,521906,A man is putting something in his jacket by knives.,coco2017/train2017/000000521906.jpg,coco_latent_t2i/train2017/ann000000033592.png
773971,140582,The baby birds in a next tucked up under an eave.,coco2017/train2017/000000140582.jpg,coco_latent_t2i/train2017/ann000000773971.png
16085,400401,A competitive skier leans on their skis while going downhill,coco2017/train2017/000000400401.jpg,coco_latent_t2i/train2017/ann000000016085.png
598259,401249,A man with suit and sunglasses is standing near a brick wall.,coco2017/train2017/000000401249.jpg,coco_latent_t2i/train2017/ann000000598259.png
434666,108953,A person wearing a black jacket looking at sheep on an hill.,coco2017/train2017/000000108953.jpg,coco_latent_t2i/train2017/ann000000434666.png
390389,183469,two green and one grey parrot perched on a branch.,coco2017/train2017/000000183469.jpg,coco_latent_t2i/train2017/ann000000390389.png
210571,546222,The man is petting his horse while he is outside.,coco2017/train2017/000000546222.jpg,coco_latent_t2i/train2017/ann000000210571.png
637943,270148,A cat is curled up into a ball near some teddy bears,coco2017/train2017/000000270148.jpg,coco_latent_t2i/train2017/ann000000637943.png
514239,435745,A large number of antique bicycles inside a shop.,coco2017/train2017/000000435745.jpg,coco_latent_t2i/train2017/ann000000514239.png
549416,308276,a custom built chopper parked on the street.,coco2017/train2017/000000308276.jpg,coco_latent_t2i/train2017/ann000000549416.png
167599,254828,Bins of apples inside of a fruit stand,coco2017/train2017/000000254828.jpg,coco_latent_t2i/train2017/ann000000167599.png
519106,379760,A couple of traffic lights sitting in the middle of a street.,coco2017/train2017/000000379760.jpg,coco_latent_t2i/train2017/ann000000519106.png
146439,429497,A picture of some bicycles that are by building.,coco2017/train2017/000000429497.jpg,coco_latent_t2i/train2017/ann000000146439.png
594122,573113,A street sign with a pair of shoes hanging from the sign.,coco2017/train2017/000000573113.jpg,coco_latent_t2i/train2017/ann000000594122.png
801471,399091,a bench surrounded by different types of plant life ,coco2017/train2017/000000399091.jpg,coco_latent_t2i/train2017/ann000000801471.png
13512,378403,A dog sleeping on a bed that is on the ground.,coco2017/train2017/000000378403.jpg,coco_latent_t2i/train2017/ann000000013512.png
155676,335864,The side of a building with a pick-up truck parked on the street and a trash container on the side of the curb.,coco2017/train2017/000000335864.jpg,coco_latent_t2i/train2017/ann000000155676.png
288622,476664,a small bed with a single cat laying on top,coco2017/train2017/000000476664.jpg,coco_latent_t2i/train2017/ann000000288622.png
29707,97790,A small airplane flying next to a jet.,coco2017/train2017/000000097790.jpg,coco_latent_t2i/train2017/ann000000029707.png
252211,104421,a dog playing with a frisbee on mowed grass,coco2017/train2017/000000104421.jpg,coco_latent_t2i/train2017/ann000000252211.png
264868,328452,A well lit bathroom with sink and walls and door.,coco2017/train2017/000000328452.jpg,coco_latent_t2i/train2017/ann000000264868.png
676473,518974,A black and white cat sitting in a baseball glove.,coco2017/train2017/000000518974.jpg,coco_latent_t2i/train2017/ann000000676473.png
322353,50324,A group of animated characters standing on the front lawn of a home.,coco2017/train2017/000000050324.jpg,coco_latent_t2i/train2017/ann000000322353.png
653131,141882,People wait outside an airport to check their luggage,coco2017/train2017/000000141882.jpg,coco_latent_t2i/train2017/ann000000653131.png
186343,52233,Two people with red umbrellas talk outside a domed building.,coco2017/train2017/000000052233.jpg,coco_latent_t2i/train2017/ann000000186343.png
719002,108698,A cat is sitting in the window on a rail.,coco2017/train2017/000000108698.jpg,coco_latent_t2i/train2017/ann000000719002.png
488243,398637,A couple in formal wear posing outside a brick building at night,coco2017/train2017/000000398637.jpg,coco_latent_t2i/train2017/ann000000488243.png
318751,437221,A stylized photo of a male performing a trick on a skateboard.,coco2017/train2017/000000437221.jpg,coco_latent_t2i/train2017/ann000000318751.png
587037,58851,A bench near a grassy area near a parked car. ,coco2017/train2017/000000058851.jpg,coco_latent_t2i/train2017/ann000000587037.png
249381,107541,A person kneeling down with a set of ski's in their hands.,coco2017/train2017/000000107541.jpg,coco_latent_t2i/train2017/ann000000249381.png
492467,106487,A person standing next to a  wooden bench near street lights.,coco2017/train2017/000000106487.jpg,coco_latent_t2i/train2017/ann000000492467.png
149692,20147,Two zebra stand next to a herd of antelope.,coco2017/train2017/000000020147.jpg,coco_latent_t2i/train2017/ann000000149692.png
707987,23741,this is a picture of a motorcycle leaning into a corner,coco2017/train2017/000000023741.jpg,coco_latent_t2i/train2017/ann000000707987.png
423052,88556,a plane parked on the runway with someone standing in front of it ,coco2017/train2017/000000088556.jpg,coco_latent_t2i/train2017/ann000000423052.png
193964,541631,An empty street intersection during the night time.,coco2017/train2017/000000541631.jpg,coco_latent_t2i/train2017/ann000000193964.png
443228,51741,"This bathroom consists of a sink, a toilet, bathtub, and large tiles on the floor.",coco2017/train2017/000000051741.jpg,coco_latent_t2i/train2017/ann000000443228.png
332504,446053,A couple of people that are in the snow.,coco2017/train2017/000000446053.jpg,coco_latent_t2i/train2017/ann000000332504.png
816488,402313,A stop sign in front of a gas station.,coco2017/train2017/000000402313.jpg,coco_latent_t2i/train2017/ann000000816488.png
491932,555684,A dog is lying on the surfboard as it surfs on a wave.,coco2017/train2017/000000555684.jpg,coco_latent_t2i/train2017/ann000000491932.png
195977,516174,People are getting off of a large bus onto a commercial airplane.,coco2017/train2017/000000516174.jpg,coco_latent_t2i/train2017/ann000000195977.png
182993,122871,a polo player on a horse following the ball on the ground ,coco2017/train2017/000000122871.jpg,coco_latent_t2i/train2017/ann000000182993.png
278310,303704,HUGE RED TOY TRAIN FOR PEOPLE THAT'S DUSTED WITH SNOW,coco2017/train2017/000000303704.jpg,coco_latent_t2i/train2017/ann000000278310.png
286649,441415,A table and some chairs in a room.,coco2017/train2017/000000441415.jpg,coco_latent_t2i/train2017/ann000000286649.png
188262,83142,Zebras crossing a bitumen road in the savannah,coco2017/train2017/000000083142.jpg,coco_latent_t2i/train2017/ann000000188262.png
749228,250066,A toilet is sitting amongst things have been abandoned.,coco2017/train2017/000000250066.jpg,coco_latent_t2i/train2017/ann000000749228.png
688917,266502,A small engine plane sitting on a runway.,coco2017/train2017/000000266502.jpg,coco_latent_t2i/train2017/ann000000688917.png
244089,222828,Three people smiling in front of an airport kiosk.,coco2017/train2017/000000222828.jpg,coco_latent_t2i/train2017/ann000000244089.png
494829,62220,two animals grazing in an open field next to some trees,coco2017/train2017/000000062220.jpg,coco_latent_t2i/train2017/ann000000494829.png
325760,262800,Jet flying in the sky among the clouds.,coco2017/train2017/000000262800.jpg,coco_latent_t2i/train2017/ann000000325760.png
764235,464248,Three birds perched on a gutter on a building.,coco2017/train2017/000000464248.jpg,coco_latent_t2i/train2017/ann000000764235.png
84341,498716,Two kitties bask in the warm sunlight filtering through the blinds.,coco2017/train2017/000000498716.jpg,coco_latent_t2i/train2017/ann000000084341.png
127513,489248,An older man sitting on a park bench looking at a sheep,coco2017/train2017/000000489248.jpg,coco_latent_t2i/train2017/ann000000127513.png
408044,563009,A large crowd watches a dog herd sheep.,coco2017/train2017/000000563009.jpg,coco_latent_t2i/train2017/ann000000408044.png
536688,499537,A yellow sign that is sitting on a sidewalk.,coco2017/train2017/000000499537.jpg,coco_latent_t2i/train2017/ann000000536688.png
589553,420546,their are two men in suits getting ready ,coco2017/train2017/000000420546.jpg,coco_latent_t2i/train2017/ann000000589553.png
292817,415648,A man in pinstriped uniformed during a baseball game.,coco2017/train2017/000000415648.jpg,coco_latent_t2i/train2017/ann000000292817.png
277463,314430,A street level view of a fire hydrant.,coco2017/train2017/000000314430.jpg,coco_latent_t2i/train2017/ann000000277463.png
49017,574145,A very nice bathroom with an enclosed shower.,coco2017/train2017/000000574145.jpg,coco_latent_t2i/train2017/ann000000049017.png
125744,445179,"Bench with iron sides and wood, under tree in walled area.",coco2017/train2017/000000445179.jpg,coco_latent_t2i/train2017/ann000000125744.png
103663,526126,A young skateboarder attempts to complete a trick.,coco2017/train2017/000000526126.jpg,coco_latent_t2i/train2017/ann000000103663.png
227099,457097,A horse is grazing on a small shrub.,coco2017/train2017/000000457097.jpg,coco_latent_t2i/train2017/ann000000227099.png
796973,385669,a lady that has a umbrella in her hand,coco2017/train2017/000000385669.jpg,coco_latent_t2i/train2017/ann000000796973.png
446040,273556,An image looking down in to a toilet.,coco2017/train2017/000000273556.jpg,coco_latent_t2i/train2017/ann000000446040.png
425420,219916,A bathroom with green grass like mats and curtains.,coco2017/train2017/000000219916.jpg,coco_latent_t2i/train2017/ann000000425420.png
321775,259216,A woman standing in a market filled with market next to ripe bananas.,coco2017/train2017/000000259216.jpg,coco_latent_t2i/train2017/ann000000321775.png
642385,402559,A large giraffe is standing outdoors near some trees. ,coco2017/train2017/000000402559.jpg,coco_latent_t2i/train2017/ann000000642385.png
725666,423508,A corner has a fire hydrant statue in front of the building.,coco2017/train2017/000000423508.jpg,coco_latent_t2i/train2017/ann000000725666.png
174955,567683,A group of multi-colord motorcycles parked on the street,coco2017/train2017/000000567683.jpg,coco_latent_t2i/train2017/ann000000174955.png
693183,349199,Some people are enjoying time on a beach.  ,coco2017/train2017/000000349199.jpg,coco_latent_t2i/train2017/ann000000693183.png
630104,359442,a train car with some graffit all over the side of it ,coco2017/train2017/000000359442.jpg,coco_latent_t2i/train2017/ann000000630104.png
729634,16466,A pair of green trucks are parked beside each other.,coco2017/train2017/000000016466.jpg,coco_latent_t2i/train2017/ann000000729634.png
504632,438220,a train on a track near people ,coco2017/train2017/000000438220.jpg,coco_latent_t2i/train2017/ann000000504632.png
360002,47255,Two giraffes necking each other at the zoo,coco2017/train2017/000000047255.jpg,coco_latent_t2i/train2017/ann000000360002.png
406445,158421,a number of people riding snow boards on a snowy slope,coco2017/train2017/000000158421.jpg,coco_latent_t2i/train2017/ann000000406445.png
825381,460294,Women walking down the street holding umbrellas in their hands ,coco2017/train2017/000000460294.jpg,coco_latent_t2i/train2017/ann000000825381.png
661981,93297,A kitty is sleeping in a wall bed.,coco2017/train2017/000000093297.jpg,coco_latent_t2i/train2017/ann000000661981.png
306431,304379,a close up of a person wearing a suit and tie,coco2017/train2017/000000304379.jpg,coco_latent_t2i/train2017/ann000000306431.png
31309,414397,A bull tethered by the ring in his nose as part of an indoor animal display.,coco2017/train2017/000000414397.jpg,coco_latent_t2i/train2017/ann000000031309.png
78930,2453,A bench looking out onto a flooded river. ,coco2017/train2017/000000002453.jpg,coco_latent_t2i/train2017/ann000000078930.png
264726,44494,A blue double decker bus parked on the side of a road.,coco2017/train2017/000000044494.jpg,coco_latent_t2i/train2017/ann000000264726.png
521143,417957,A bench surrounded by the trees and grass.,coco2017/train2017/000000417957.jpg,coco_latent_t2i/train2017/ann000000521143.png
317201,472569,A large red and blue train on the train tracks.,coco2017/train2017/000000472569.jpg,coco_latent_t2i/train2017/ann000000317201.png
655190,264683,An airplane museum has many different models to view.,coco2017/train2017/000000264683.jpg,coco_latent_t2i/train2017/ann000000655190.png
543541,101223,A view of the end of an airplane in the sky over mountains.,coco2017/train2017/000000101223.jpg,coco_latent_t2i/train2017/ann000000543541.png
2741,38031,A car being towed away by a man in a red hat,coco2017/train2017/000000038031.jpg,coco_latent_t2i/train2017/ann000000002741.png
373436,449302,A man with an umbrella sitting near the water.,coco2017/train2017/000000449302.jpg,coco_latent_t2i/train2017/ann000000373436.png
433221,411188,a gray bird about to perch on a branch,coco2017/train2017/000000411188.jpg,coco_latent_t2i/train2017/ann000000433221.png
384759,198079,Some people are sitting on a wooden bench.,coco2017/train2017/000000198079.jpg,coco_latent_t2i/train2017/ann000000384759.png
625665,201637,A young Asian girl has an umbrella to protect her from the rain.,coco2017/train2017/000000201637.jpg,coco_latent_t2i/train2017/ann000000625665.png
197737,216761,"A man in plaid shorts skateboards in a rink by palm trees,",coco2017/train2017/000000216761.jpg,coco_latent_t2i/train2017/ann000000197737.png
83867,434891,an image of graphic art on a garage door,coco2017/train2017/000000434891.jpg,coco_latent_t2i/train2017/ann000000083867.png
91846,335241,A two tone green bus is on the road.,coco2017/train2017/000000335241.jpg,coco_latent_t2i/train2017/ann000000091846.png
495737,406097,A field full of lots of yellow flowers with a train passing it by.,coco2017/train2017/000000406097.jpg,coco_latent_t2i/train2017/ann000000495737.png
283648,517082,A couple small girls standing underneath a umbrella.,coco2017/train2017/000000517082.jpg,coco_latent_t2i/train2017/ann000000283648.png
762733,116696,a large white cake is sitting on a table,coco2017/train2017/000000116696.jpg,coco_latent_t2i/train2017/ann000000762733.png
154832,509423,Street sign post for the intersection of Doyers Street and Chatham Square.,coco2017/train2017/000000509423.jpg,coco_latent_t2i/train2017/ann000000154832.png
529203,511111,A juicer is used to make fresh orange juice. ,coco2017/train2017/000000511111.jpg,coco_latent_t2i/train2017/ann000000529203.png
292096,311961,A small dog biting a small dog bed. ,coco2017/train2017/000000311961.jpg,coco_latent_t2i/train2017/ann000000292096.png
157004,389174,a couple sitting by the lake in the fall,coco2017/train2017/000000389174.jpg,coco_latent_t2i/train2017/ann000000157004.png
555688,264375,A black woman wearing a white apron standing in front of a red light.,coco2017/train2017/000000264375.jpg,coco_latent_t2i/train2017/ann000000555688.png
242109,423740,An old man poses with a boy who has a catcher's mitt.,coco2017/train2017/000000423740.jpg,coco_latent_t2i/train2017/ann000000242109.png
828332,463084,Two blue and white buses stopped at a bus stop.,coco2017/train2017/000000463084.jpg,coco_latent_t2i/train2017/ann000000828332.png
350425,116279,The jet airplane flies across the blue sky. ,coco2017/train2017/000000116279.jpg,coco_latent_t2i/train2017/ann000000350425.png
356122,539302,Two giraffes tower over the deer in the jungle like setting.,coco2017/train2017/000000539302.jpg,coco_latent_t2i/train2017/ann000000356122.png
64183,529590,A man taking a picture of himself and a cat.,coco2017/train2017/000000529590.jpg,coco_latent_t2i/train2017/ann000000064183.png
282771,93853,a woman carrying a handbag and tennis racket walking her dog,coco2017/train2017/000000093853.jpg,coco_latent_t2i/train2017/ann000000282771.png
429247,481214,A boy dressed in a Harry Potter type outfit in a room.,coco2017/train2017/000000481214.jpg,coco_latent_t2i/train2017/ann000000429247.png
761629,214871,"A young child wearing a sweatsuit with a printed skeleton, green swimming goggles and a chef's hat.",coco2017/train2017/000000214871.jpg,coco_latent_t2i/train2017/ann000000761629.png
767099,385473,An up close photo of a motorcycle tire. ,coco2017/train2017/000000385473.jpg,coco_latent_t2i/train2017/ann000000767099.png
401209,527193,Two big elephants next to a baby elephant.,coco2017/train2017/000000527193.jpg,coco_latent_t2i/train2017/ann000000401209.png
814858,577522,A gray and white bird standing on the keyboard of a laptop.,coco2017/train2017/000000577522.jpg,coco_latent_t2i/train2017/ann000000814858.png
391727,455480,A boat is parked by the deck with an umbrella.,coco2017/train2017/000000455480.jpg,coco_latent_t2i/train2017/ann000000391727.png
589190,260595,a large pole that has a street sign on it,coco2017/train2017/000000260595.jpg,coco_latent_t2i/train2017/ann000000589190.png
18321,402077,Two young boys eating raw carrots in a room.,coco2017/train2017/000000402077.jpg,coco_latent_t2i/train2017/ann000000018321.png
223096,193704,A white building with a green motel sign attached to a cactus shaped sign post.,coco2017/train2017/000000193704.jpg,coco_latent_t2i/train2017/ann000000223096.png
647427,536294,a street light and a white pole against a blue background,coco2017/train2017/000000536294.jpg,coco_latent_t2i/train2017/ann000000647427.png
131606,493774,"STREET CORNER WITH ROAD SIGN, SIDEWALK, FENCES, AND TREES",coco2017/train2017/000000493774.jpg,coco_latent_t2i/train2017/ann000000131606.png
68929,374060,And older airplane with a pilot inside of it.,coco2017/train2017/000000374060.jpg,coco_latent_t2i/train2017/ann000000068929.png
384438,490991,a giraffe standing with trees in the background,coco2017/train2017/000000490991.jpg,coco_latent_t2i/train2017/ann000000384438.png
706808,396727,A very big bright orange colored bus on the street.,coco2017/train2017/000000396727.jpg,coco_latent_t2i/train2017/ann000000706808.png
266489,343004,A banana sitting on top of a pillow next to a hand.,coco2017/train2017/000000343004.jpg,coco_latent_t2i/train2017/ann000000266489.png
105295,152252,A bent black and white photo shows a group of children,coco2017/train2017/000000152252.jpg,coco_latent_t2i/train2017/ann000000105295.png
828864,328181,People stands on a dock while a yellow boat goes by.,coco2017/train2017/000000328181.jpg,coco_latent_t2i/train2017/ann000000828864.png
209306,243861,A skier climbs a snowy mountain lined with pine trees. ,coco2017/train2017/000000243861.jpg,coco_latent_t2i/train2017/ann000000209306.png
254924,83574,The care bear figure is on the bookshelf next to the books. ,coco2017/train2017/000000083574.jpg,coco_latent_t2i/train2017/ann000000254924.png
397827,93201,A white dog wearing a black hat with it's tongue hanging out.,coco2017/train2017/000000093201.jpg,coco_latent_t2i/train2017/ann000000397827.png
280096,508731,A group of elephants gathered near some poles.,coco2017/train2017/000000508731.jpg,coco_latent_t2i/train2017/ann000000280096.png
644145,187349,A dog is getting its picture taken from the driver's seat,coco2017/train2017/000000187349.jpg,coco_latent_t2i/train2017/ann000000644145.png
273173,540388,"A removable, adjustable sprayer in a shower is running",coco2017/train2017/000000540388.jpg,coco_latent_t2i/train2017/ann000000273173.png
40683,483656,Giraffe walking through a field next to a forest.,coco2017/train2017/000000483656.jpg,coco_latent_t2i/train2017/ann000000040683.png
694337,543034, a cat and dog resting side by side in a wicker basket,coco2017/train2017/000000543034.jpg,coco_latent_t2i/train2017/ann000000694337.png
569293,278512,A small white plane sitting on top of an airport runway.,coco2017/train2017/000000278512.jpg,coco_latent_t2i/train2017/ann000000569293.png
250447,433373,a table filled with plates with red chairs next to it ,coco2017/train2017/000000433373.jpg,coco_latent_t2i/train2017/ann000000250447.png
349261,280515,Two elephants are walking towards the water puddles.,coco2017/train2017/000000280515.jpg,coco_latent_t2i/train2017/ann000000349261.png
425951,78696,A bus drives down the middle of a street. ,coco2017/train2017/000000078696.jpg,coco_latent_t2i/train2017/ann000000425951.png
374929,332074,Groups of skiers near a ski trail in the snow.,coco2017/train2017/000000332074.jpg,coco_latent_t2i/train2017/ann000000374929.png
238248,461123,The airplane is taking off the runway at the airport. ,coco2017/train2017/000000461123.jpg,coco_latent_t2i/train2017/ann000000238248.png
302018,65124,A dirty McDonalds bathroom with a squat toilet.,coco2017/train2017/000000065124.jpg,coco_latent_t2i/train2017/ann000000302018.png
694907,297980,A cyclist pedals past a flock of birds perched on a grating.,coco2017/train2017/000000297980.jpg,coco_latent_t2i/train2017/ann000000694907.png
758026,188173,this is a giraffe and some zebras being watched,coco2017/train2017/000000188173.jpg,coco_latent_t2i/train2017/ann000000758026.png
170705,232453,A truck waiting in front of the warehouse.,coco2017/train2017/000000232453.jpg,coco_latent_t2i/train2017/ann000000170705.png
307862,288576,a man outside after he threw a frizbee,coco2017/train2017/000000288576.jpg,coco_latent_t2i/train2017/ann000000307862.png
85476,97899,A city bus makes its way down the street.,coco2017/train2017/000000097899.jpg,coco_latent_t2i/train2017/ann000000085476.png
324947,79415,"A bathroom with bathtub, sink, toilet and washing machine.",coco2017/train2017/000000079415.jpg,coco_latent_t2i/train2017/ann000000324947.png
7599,160025,A traffic light in front of a cloudy blue sky.,coco2017/train2017/000000160025.jpg,coco_latent_t2i/train2017/ann000000007599.png
665072,76916,A group of giraffes inside an enclosure with an antelope in the shade. ,coco2017/train2017/000000076916.jpg,coco_latent_t2i/train2017/ann000000665072.png
174702,58651,An old locomotive is on the railroad tracks.,coco2017/train2017/000000058651.jpg,coco_latent_t2i/train2017/ann000000174702.png
386426,227582,A person holds out a sandwich on a plate.,coco2017/train2017/000000227582.jpg,coco_latent_t2i/train2017/ann000000386426.png
214303,493206,A soup in a large bowl features broccoli and pieces of meat.,coco2017/train2017/000000493206.jpg,coco_latent_t2i/train2017/ann000000214303.png
217187,126272,Three is a cart with suitcases on it.,coco2017/train2017/000000126272.jpg,coco_latent_t2i/train2017/ann000000217187.png
496206,125707,A cook tending to a number of items on a stove top.,coco2017/train2017/000000125707.jpg,coco_latent_t2i/train2017/ann000000496206.png
40732,99389,A motorcycle parked outside a building with graffiti. ,coco2017/train2017/000000099389.jpg,coco_latent_t2i/train2017/ann000000040732.png
491621,220511,A man rides on a skateboard with overly large wheels on it's side.,coco2017/train2017/000000220511.jpg,coco_latent_t2i/train2017/ann000000491621.png
786066,491102,A giraffe leaned over a rail sipping some water.,coco2017/train2017/000000491102.jpg,coco_latent_t2i/train2017/ann000000786066.png
309493,449660,Two cats sitting on a rug looking out of a window.,coco2017/train2017/000000449660.jpg,coco_latent_t2i/train2017/ann000000309493.png
515407,361124,Black and white image of man with an umbrella on a city street.,coco2017/train2017/000000361124.jpg,coco_latent_t2i/train2017/ann000000515407.png
101562,484723,Lovingly restored antique double decker buses in London,coco2017/train2017/000000484723.jpg,coco_latent_t2i/train2017/ann000000101562.png
172606,471184,A giraffe is hunched and galloping across the grass.,coco2017/train2017/000000471184.jpg,coco_latent_t2i/train2017/ann000000172606.png
373545,192403,"A very modern hotel bedroom holds a large, white bed. ",coco2017/train2017/000000192403.jpg,coco_latent_t2i/train2017/ann000000373545.png
471834,122582,A boy in blue hat riding on a carousel.,coco2017/train2017/000000122582.jpg,coco_latent_t2i/train2017/ann000000471834.png
294015,12448,"A baby wearing gloves, lying next to a teddy bear",coco2017/train2017/000000012448.jpg,coco_latent_t2i/train2017/ann000000294015.png
816860,414481,a cat that is next to a stuffed animal,coco2017/train2017/000000414481.jpg,coco_latent_t2i/train2017/ann000000816860.png
314486,308504,"These vegetables consist of carrots, pumpkins, peppers, broccoli, eggplant, and greens.",coco2017/train2017/000000308504.jpg,coco_latent_t2i/train2017/ann000000314486.png
386117,332877,People on motorbikes line up in the street of a city.,coco2017/train2017/000000332877.jpg,coco_latent_t2i/train2017/ann000000386117.png
317277,508787,A little boy sitting in grass holding a baseball bat.,coco2017/train2017/000000508787.jpg,coco_latent_t2i/train2017/ann000000317277.png
467889,231362,a small bird on a branch in a tree,coco2017/train2017/000000231362.jpg,coco_latent_t2i/train2017/ann000000467889.png
127746,158952,a close up of a street sign with trees and a sky background,coco2017/train2017/000000158952.jpg,coco_latent_t2i/train2017/ann000000127746.png
362468,400189,A bus traveling down a city street on a cloudy day.,coco2017/train2017/000000400189.jpg,coco_latent_t2i/train2017/ann000000362468.png
38314,276886,A group of commuters standing next to a passenger train.,coco2017/train2017/000000276886.jpg,coco_latent_t2i/train2017/ann000000038314.png
662291,579415,A large crowd of people waiting to cross a street.,coco2017/train2017/000000579415.jpg,coco_latent_t2i/train2017/ann000000662291.png
227161,477477,A man and a woman riding skis down the slide of a snow covered slope.,coco2017/train2017/000000477477.jpg,coco_latent_t2i/train2017/ann000000227161.png
788063,126606,The police officers are standing on the side of the road.,coco2017/train2017/000000126606.jpg,coco_latent_t2i/train2017/ann000000788063.png
442544,226368,A chair that has a blue suitcase on it.,coco2017/train2017/000000226368.jpg,coco_latent_t2i/train2017/ann000000442544.png
194592,428885,A man is on top of a roof hitting something with a hammer.,coco2017/train2017/000000428885.jpg,coco_latent_t2i/train2017/ann000000194592.png
249105,26026,Circus elephant being led around circus ring with four children riding. ,coco2017/train2017/000000026026.jpg,coco_latent_t2i/train2017/ann000000249105.png
805223,35195,A bird that has its wings stretched out on a beach. ,coco2017/train2017/000000035195.jpg,coco_latent_t2i/train2017/ann000000805223.png
301869,139623,a train is stopped by a house across a large field,coco2017/train2017/000000139623.jpg,coco_latent_t2i/train2017/ann000000301869.png
741802,419265,a man works on a parked motor bike ,coco2017/train2017/000000419265.jpg,coco_latent_t2i/train2017/ann000000741802.png
816893,244124,"An elephant standing around in a pen, during the day.",coco2017/train2017/000000244124.jpg,coco_latent_t2i/train2017/ann000000816893.png
123335,570826,Several train tracks with an electric train on one of them.,coco2017/train2017/000000570826.jpg,coco_latent_t2i/train2017/ann000000123335.png
131604,347253,A jetliner parked on an airport tarmac next to a truck.,coco2017/train2017/000000347253.jpg,coco_latent_t2i/train2017/ann000000131604.png
405678,383527,A cruise ship heading toward a lighthouse on a cloudless day.,coco2017/train2017/000000383527.jpg,coco_latent_t2i/train2017/ann000000405678.png
150319,417217,A train rounding a corner in a jungle type area.,coco2017/train2017/000000417217.jpg,coco_latent_t2i/train2017/ann000000150319.png
332895,113045,A bowl with cheese and a wooden spoon,coco2017/train2017/000000113045.jpg,coco_latent_t2i/train2017/ann000000332895.png
406926,55432,Crowd of airliners parked at a terminal with service vehicles.,coco2017/train2017/000000055432.jpg,coco_latent_t2i/train2017/ann000000406926.png
220798,564629,A kitchen with wooden walls and cabinets and a metal sink.,coco2017/train2017/000000564629.jpg,coco_latent_t2i/train2017/ann000000220798.png
594219,317715,Two spoke tires with white walls are parked.,coco2017/train2017/000000317715.jpg,coco_latent_t2i/train2017/ann000000594219.png
744554,354132,There is a man standing next to a motor cycle.,coco2017/train2017/000000354132.jpg,coco_latent_t2i/train2017/ann000000744554.png
393890,405248,A wooden bench covered with pots and containers of plants.,coco2017/train2017/000000405248.jpg,coco_latent_t2i/train2017/ann000000393890.png
339109,313386,Airplanes on a runway with one taking off in the background,coco2017/train2017/000000313386.jpg,coco_latent_t2i/train2017/ann000000339109.png
682635,255244,A cat laying on the back of a chair in a room.,coco2017/train2017/000000255244.jpg,coco_latent_t2i/train2017/ann000000682635.png
752816,163065,A boat parked at a large loading dock.,coco2017/train2017/000000163065.jpg,coco_latent_t2i/train2017/ann000000752816.png
442714,224567,A brown dog is catching a blue Frisbee.,coco2017/train2017/000000224567.jpg,coco_latent_t2i/train2017/ann000000442714.png